sentence,Label
"In the quiet library, the ancient books whispered their long-forgotten stories to the dust-covered shelves, sharing secrets from centuries past.",Personification
"His mind was a labyrinth of interconnected thoughts, each pathway leading to another complex idea that twisted and turned like an endless maze of intellectual exploration.",Metaphor
"Her smile was like a sudden burst of warm sunshine breaking through the gray clouds of a dreary winter morning, instantly illuminating everything around her with its radiant brilliance.",Simile
"The marketing team discussed the quarterly financial report during their weekly meeting.",None
"The old oak tree stretched its weathered branches across the landscape, weeping silent tears of leaves that danced mournfully in the autumn wind.",Personification
"Life's journey is a winding road filled with unexpected turns, steep climbs, and breathtaking vistas that challenge and transform the traveler's understanding of themselves.",Metaphor
"His courage burned as fiercely as a wildfire racing across a dry summer landscape, consuming every obstacle in its path with unrelenting passion and determination.",Simile
"The research assistant compiled the data from multiple scientific experiments.",None
"The sun dipped below the horizon like a fiery ball, casting a golden glow across the landscape.",Simile
"The city's skyscrapers stood like sentinels, breathing with the rhythmic pulse of traffic and human activity, whispering stories of ambition and dreams into the urban sky.",Personification
"Memory is a complex tapestry woven from threads of experience, each moment carefully intertwined with emotions, colors, and the subtle nuances of human perception.",Metaphor
"Her voice flowed like a gentle mountain stream, cascading with the same melodic softness as water dancing over smooth river stones, carrying with it the tranquility of a pristine wilderness.",Simile
"The project manager reviewed the quarterly budget allocation.",None
"Moonlight crept across the silent garden, painting shadows that danced and whispered secrets between the still flower beds and sleeping plants.",Personification
"Time is an invisible sculptor, carefully chiseling away at human experiences, reshaping memories, and revealing the intricate details of our most profound moments.",Metaphor
"His determination was like an unbreakable steel cable, stretching across impossible distances, anchoring his dreams firmly against the strongest winds of doubt and adversity.",Simile
"The human resources department processed employee performance reviews.",None
"The ancient mountains stood as silent storytellers, their rocky faces etched with millennia of geological memories, breathing tales of prehistoric landscapes and forgotten civilizations.",Personification
"Knowledge is a living ecosystem, constantly evolving, branching out in unexpected directions, nurturing new ideas while pruning away outdated concepts.",Metaphor
"Her tears fell like delicate crystal prisms, each droplet reflecting a universe of unspoken emotions, catching and refracting the light of her profound inner world.",Simile
"The software development team completed the latest product update.",None
"Autumn winds whispered melancholy stories through the abandoned orchard, coaxing golden leaves into a mesmerizing dance of farewell and transformation.",Personification
"Dreams are fragile ships navigating the turbulent oceans of human consciousness, their sails catching the unpredictable winds of imagination and hope.",Metaphor
"His words struck like precision arrows, each syllable as sharp and targeted as a master archer's weapon, piercing through layers of misunderstanding and confusion.",Simile
"The accounting team reconciled the financial statements.",None
"Thunderclouds gathered like angry philosophers, debating their arguments in rumbling voices that echoed across the vast atmospheric classroom of the sky.",Personification
"Emotions are complex landscapes, with mountain ranges of joy, valleys of sorrow, and unexpected rivers of passion that carve their paths through the terrain of human experience.",Metaphor
"Her laughter rang like a series of crystal bells, each note pure and unexpected, creating a melody that could transform the most somber atmosphere into a celebration of pure joy.",Simile
"The customer service representative processed the client's request.",None
"Starlight tiptoed across the midnight canvas, painting whispered secrets and silent stories across the infinite darkness of the cosmic landscape.",Personification
"Friendship is a delicate ecosystem of trust, carefully cultivated through shared experiences, mutual understanding, and the gentle nurturing of emotional connections.",Metaphor
"His mind raced like a high-speed train, thoughts flashing by in rapid succession, each idea a blur of potential and possibility rushing towards unknown destinations.",Simile
"The logistics team coordinated the international shipping schedule.",None
"Winter winds wrote elaborate poetry across frozen landscapes, their icy fingers transforming barren branches into intricate, crystalline manuscripts of silence.",Personification
"Memory is a complex archive, where moments are carefully preserved like rare manuscripts, some fading at the edges, others preserved in vivid, startling clarity.",Metaphor
"Her resilience burned like an eternal flame, flickering against the strongest winds of adversity, casting brilliant light into the darkest corners of challenging circumstances.",Simile
"The administrative staff prepared the quarterly report.",None
"Ocean waves sang ancient lullabies to the rocky shoreline, their rhythmic voices telling stories of distant horizons and endless maritime adventures.",Personification
"Life is an intricate tapestry of interconnected moments, each thread representing a choice, an experience, a fleeting emotion that contributes to the larger, more complex design.",Metaphor
"His patience stretched like an infinite rubber band, capable of absorbing incredible tension without breaking, always returning to its original form of calm understanding.",Simile
"The technical team resolved the software compatibility issue.",None
"Shadows danced their mysterious ballet across moonlit walls, telling silent stories of imagination and hidden emotions.",Personification
"Creativity is a wild river, carving unexpected paths through the landscape of human imagination, breaking through conventional boundaries and creating new, unexplored territories.",Metaphor
"Her intuition moved like a subtle, invisible current, guiding her through complex situations with the same grace and precision as a skilled navigator traversing uncharted waters.",Simile
"The finance department analyzed the quarterly earnings report.",None
"In the quiet library, the ancient books whispered their long-forgotten stories to the dust-covered shelves, sharing secrets from centuries past.",Personification
"His mind was a labyrinth of interconnected thoughts, each pathway leading to another complex idea that twisted and turned like an endless maze of intellectual exploration.",Metaphor
"Her smile was like a sudden burst of warm sunshine breaking through the gray clouds of a dreary winter morning, instantly illuminating everything around her with its radiant brilliance.",Simile
"The marketing team discussed the quarterly financial report during their weekly meeting.",None
"Time moved like a river, flowing endlessly in one direction, unstoppable and inevitable.",Simile
"His thoughts were a storm, swirling with confusion and turmoil, each idea a flash of lightning.",Metaphor
"The moonlight danced on the water like silver ribbons, shimmering under the dark sky.",Simile
"The wind howled like a wild animal trapped in the night, its mournful cries echoing through the trees.",Simile
"The city lights flickered like stars in a vast, dark sky, a beacon in the urban wilderness.",Simile
"Her voice was as soft as velvet, wrapping around me like a warm embrace.",Simile
"His mind was a fortress, strong and unyielding to outside influence, protecting the secrets within.",Metaphor
"The leaves danced in the wind, performing a delicate ballet under the sun's watchful gaze.",Personification
"The sun dipped below the horizon, a fiery orb sinking into the sea.",Metaphor
"The clock ticked away the moments, each second slipping into the abyss of the past.",Personification
"The mountains stood tall and silent, watching over the land like ancient guardians.",Personification
"Her laughter was like a symphony, lifting the spirits of everyone around her with its joyful melody.",Simile
"The old house groaned and creaked as if it were alive, settling into its place after a long day's wear.",Personification
"The stars were like diamonds scattered across the black velvet of the night sky.",Simile
"His words were a dagger, sharp and precise, cutting through the silence of the room.",Metaphor
"She felt as if her heart was a thousand pieces, scattered like broken glass.",Simile
"The road stretched before them, endless and uncertain, a Metaphorfor the journey ahead.",Metaphor
"The fire crackled, whispering stories of old as it flickered in the fireplace.",Personification
"The clouds were a blanket, covering the sky with a soft, gray haze.",Metaphor
"His temper flared like a wildfire, spreading and consuming everything in its path.",Simile
"Her smile was a beacon of light, guiding me through the darkest of days.",Metaphor
"The night was as quiet as a grave, not a sound to disturb the stillness.",Simile
"Her eyes were windows into another world, dark and mysterious, hiding secrets only she knew.",Metaphor
"The ocean's waves crashed against the shore, relentless and eternal, as if they were trying to reclaim the land.",Personification
"Her thoughts were a garden, each idea blooming in its own time, vibrant and full of life.",Metaphor
"The book seemed to come alive in her hands, its pages turning by themselves as if it had its own story to tell.",Personification
"The streetlights were like sentinels, standing tall and vigilant in the empty night.",Simile
"The old tree in the yard was a wise old man, watching over the house for decades.",Personification
"The storm raged like a beast, thrashing and howling as it tore through the landscape.",Simile
"The city was a jungle, wild and chaotic, full of dangers and adventures around every corner.",Metaphor
"His eyes were two blazing suns, burning with intensity and passion.",Metaphor
"Her touch was like a gentle breeze, soft and soothing against the harsh world around her.",Simile
"Time was a thief, stealing moments and memories when you weren't looking.",Metaphor
"The rain danced on the roof like a thousand tiny feet, tapping a rhythm of its own.",Personification
"His voice was like gravel, rough and deep, commanding attention when he spoke.",Simile
"The desert was a vast ocean of sand, stretching as far as the eye could see.",Metaphor
"The old man's face was a map of time, each wrinkle a story of his long life.",Metaphor
"Her mind was a whirlpool of thoughts, each idea pulling the others deeper into confusion.",Metaphor
"The flowers seemed to smile at the sun, their petals opening wide in greeting.",Personification
"The morning fog was like a veil, softening the edges of the world and making everything look mystical.",Simile
"His laugh was a burst of music, filling the air with joy and energy.",Metaphor
"The trees in the forest whispered to each other, sharing secrets only the wind could understand.",Personification
"The wind was a restless traveler, never staying in one place for too long.",Personification
"The stars were diamonds scattered across a black velvet sky, their light twinkling in the vast darkness.",Simile
"The mountain peak was a crown, towering over the valley below.",Metaphor
"The old street was a ribbon, winding through the city with its cobblestones and ancient buildings.",Metaphor
"The walls seemed to breathe, their creaks and groans echoing like distant voices in the silence.",Personification
"The night was a canvas, dark and mysterious, waiting for the brushstrokes of the stars.",Metaphor
"The garden was a symphony of colors, each flower playing its part in harmony with the others.",Metaphor
"Her eyes were as bright as stars, sparkling with wonder and curiosity.",Simile
"The moonlight was a soft touch, kissing the earth with its gentle glow.",Personification
"His anger was a storm, building up until it erupted in a wave of fury.",Simile
"Her words were a gentle breeze, calming the storm that had been brewing in his mind.",Metaphor
"The rain drummed on the windows like a thousand tiny feet, each raindrop a beat in nature's rhythm.",Simile
"In the quiet library, the ancient books whispered their long-forgotten stories to the dust-covered shelves, sharing secrets from centuries past, their pages trembling with memories of forgotten readers and distant worlds.",Personification
"His mind was a labyrinth of interconnected thoughts, each pathway leading to another complex idea that twisted and turned like an endless maze of intellectual exploration, revealing the intricate landscape of human consciousness.",Metaphor
"Her smile was like a sudden burst of warm sunshine breaking through the gray clouds of a dreary winter morning, instantly illuminating everything around her with its radiant brilliance, melting away the coldest of shadows.",Simile
"The marketing team discussed the quarterly financial report during their weekly meeting, reviewing the detailed spreadsheets and analyzing the company's performance metrics.",None
"The old oak tree stretched its weathered branches across the windswept landscape, weeping silent tears of leaves that danced mournfully in the autumn wind, whispering stories of generations that had passed beneath its protective canopy.",Personification
"Life's journey is a winding road filled with unexpected turns, steep climbs, and breathtaking vistas that challenge and transform the traveler's understanding of themselves, each moment a crucial intersection of choice and destiny.",Metaphor
"His courage burned as fiercely as a wildfire racing across a dry summer landscape, consuming every obstacle in its path with unrelenting passion and determination, leaving nothing but transformed terrain in its wake.",Simile
"The research assistant meticulously compiled the data from multiple scientific experiments, cross-referencing results and preparing a comprehensive report for the upcoming conference.",None
"The city's skyscrapers stood like sentinels, breathing with the rhythmic pulse of traffic and human activity, whispering stories of ambition and dreams into the urban sky, their glass facades reflecting countless human narratives.",Personification
"Memory is a complex tapestry woven from threads of experience, each moment carefully intertwined with emotions, colors, and the subtle nuances of human perception, creating a living, breathing record of our existence.",Metaphor
"Her voice flowed like a gentle mountain stream, cascading with the same melodic softness as water dancing over smooth river stones, carrying with it the tranquility of a pristine wilderness, each word a liquid whisper.",Simile
"The project manager reviewed the quarterly budget allocation, examining each line item with careful consideration and strategic planning.",None
"Moonlight crept across the silent garden, painting shadows that danced and whispered secrets between the still flower beds and sleeping plants, transforming the ordinary landscape into a realm of magical possibility.",Personification
"Time is an invisible sculptor, carefully chiseling away at human experiences, reshaping memories, and revealing the intricate details of our most profound moments, leaving behind delicate sculptures of lived experience.",Metaphor
"His determination was like an unbreakable steel cable, stretching across impossible distances, anchoring his dreams firmly against the strongest winds of doubt and adversity, refusing to snap or surrender.",Simile
"The human resources department processed employee performance reviews, providing constructive feedback and strategic development recommendations.",None
"The ancient mountains stood as silent storytellers, their rocky faces etched with millennia of geological memories, breathing tales of prehistoric landscapes and forgotten civilizations, witnessing the endless dance of planetary transformation.",Personification
"Knowledge is a living ecosystem, constantly evolving, branching out in unexpected directions, nurturing new ideas while pruning away outdated concepts, creating a dynamic landscape of intellectual growth and discovery.",Metaphor
"Her tears fell like delicate crystal prisms, each droplet reflecting a universe of unspoken emotions, catching and refracting the light of her profound inner world, revealing hidden depths of vulnerability and strength.",Simile
"The software development team completed the latest product update, implementing new features and addressing potential bug fixes.",None
"Autumn winds whispered melancholy stories through the abandoned orchard, coaxing golden leaves into a mesmerizing dance of farewell and transformation, painting the landscape with memories of summers past.",Personification
"Dreams are fragile ships navigating the turbulent oceans of human consciousness, their sails catching the unpredictable winds of imagination and hope, charting courses through the vast, unexplored territories of potential.",Metaphor
"His words struck like precision arrows, each syllable as sharp and targeted as a master archer's weapon, piercing through layers of misunderstanding and confusion, creating clearings of sudden comprehension.",Simile
"The accounting team reconciled the financial statements, ensuring accuracy and compliance with current regulatory standards.",None
"Thunderclouds gathered like angry philosophers, debating their arguments in rumbling voices that echoed across the vast atmospheric classroom of the sky, discussing the complex meteorological narratives of planetary weather.",Personification
"Emotions are complex landscapes, with mountain ranges of joy, valleys of sorrow, and unexpected rivers of passion that carve their paths through the terrain of human experience, revealing the topography of inner life.",Metaphor
"Her laughter rang like a series of crystal bells, each note pure and unexpected, creating a melody that could transform the most somber atmosphere into a celebration of pure joy, dispelling shadows with sound.",Simile
"The customer service representative processed the client's request with professional efficiency and attention to detail.",None
"Starlight tiptoed across the midnight canvas, painting whispered secrets and silent stories across the infinite darkness of the cosmic landscape, revealing the delicate choreography of celestial movement.",Personification
"Friendship is a delicate ecosystem of trust, carefully cultivated through shared experiences, mutual understanding, and the gentle nurturing of emotional connections, growing stronger with each passing moment of genuine care.",Metaphor
"His mind raced like a high-speed train, thoughts flashing by in rapid succession, each idea a blur of potential and possibility rushing towards unknown destinations, leaving behind trails of unexplored potential.",Simile
"The logistics team coordinated the international shipping schedule, managing complex transportation networks across multiple continents.",None
"Winter winds wrote elaborate poetry across frozen landscapes, their icy fingers transforming barren branches into intricate, crystalline manuscripts of silence, telling stories of endurance and quiet transformation.",Personification
"Memory is a complex archive, where moments are carefully preserved like rare manuscripts, some fading at the edges, others preserved in vivid, startling clarity, creating a living museum of personal history.",Metaphor
"Her resilience burned like an eternal flame, flickering against the strongest winds of adversity, casting brilliant light into the darkest corners of challenging circumstances, refusing to be extinguished.",Simile
"The administrative staff prepared the quarterly report with comprehensive analysis and strategic insights.",None
"Ocean waves sang ancient lullabies to the rocky shoreline, their rhythmic voices telling stories of distant horizons and endless maritime adventures, whispering geological secrets accumulated over millennia.",Personification
"Life is an intricate tapestry of interconnected moments, each thread representing a choice, an experience, a fleeting emotion that contributes to the larger, more complex design of human existence.",Metaphor
"His patience stretched like an infinite rubber band, capable of absorbing incredible tension without breaking, always returning to its original form of calm understanding, a testament to emotional resilience.",Simile
"The technical team resolved the software compatibility issue through systematic troubleshooting and collaborative problem-solving.",None
"Shadows danced their mysterious ballet across moonlit walls, telling silent stories of imagination and hidden emotions, choreographing narratives beyond the realm of spoken language.",Personification
"Creativity is a wild river, carving unexpected paths through the landscape of human imagination, breaking through conventional boundaries and creating new, unexplored territories of artistic and intellectual expression.",Metaphor
"Her intuition moved like a subtle, invisible current, guiding her through complex situations with the same grace and precision as a skilled navigator traversing uncharted waters, anticipating hidden challenges.",Simile
"The finance department analyzed the quarterly earnings report, providing detailed insights into the company's financial performance.",None
"She runs like the wind.",Simile
"The ancient oak tree stood tall and proud in the middle of the field, its branches stretching out like welcoming arms, offering shelter to all who sought refuge beneath its shade.",Personification
"His mind was a vast ocean, deep and mysterious, with thoughts crashing against each other like waves, never allowing for a moment of calm or clarity.",Metaphor
"Her laughter echoed through the room like a sweet melody, lifting the spirits of everyone around her, as if each note carried the promise of joy and happiness.",Simile
"The moonlit path through the forest seemed to stretch on forever, its light casting eerie shadows on the ground, as though the night itself were alive and watching.",Personification
"His words cut through the silence like a sharp knife, each sentence piercing the air with a clarity that left no room for doubt or hesitation.",Simile
"Time, like a thief in the night, quietly slipped away, stealing precious moments from her life before she had the chance to truly appreciate them.",Metaphor
"The wind whispered secrets to the trees, coaxing their leaves to dance and sway as if they were sharing in a hidden conversation that no one else could hear.",Personification
"The sun dipped beneath the horizon, painting the sky with streaks of orange and pink, as though the entire world was a canvas and the sunset was its masterpiece.",Metaphor
"Her touch was as light as a feather, brushing against my skin with a tenderness that made everything else fade away into the background.",Simile
"The storm raged outside, a wild beast clawing at the windows, each gust of wind a ferocious growl, each flash of lightning a vicious strike of anger.",Simile
"The garden was a symphony of colors, each flower playing its own part in harmony, creating a masterpiece of natural beauty that made the world seem full of wonder.",Metaphor
"His heart was a prison, locked away behind walls of anger and fear, each emotion a prisoner waiting for the key to release them into the light of freedom.",Metaphor
"The night sky was a blanket, soft and comforting, wrapping the earth in a peaceful embrace as the stars twinkled like tiny diamonds scattered across its vast expanse.",Metaphor
"Her smile was as radiant as the first light of dawn, casting away the darkness of the night and bringing warmth to everyone around her.",Simile
"The old house groaned and creaked, as though it were alive, settling into its foundations like a tired old man finding a comfortable chair to rest in.",Personification
"The city streets were a river, flowing with the constant stream of people, their footsteps creating ripples in the air that echoed through the empty spaces between buildings.",Metaphor
"The clouds gathered on the horizon, dark and ominous, like an army preparing for battle, each one a threat looming in the distance, waiting to unleash its fury.",Simile
"The forest was a cathedral, its towering trees creating a holy silence, the air thick with the scent of pine and earth, as though nature itself were worshiping in this sacred place.",Metaphor
"Her eyes were two pools of mystery, reflecting the world in a way that no one could truly understand, as though they held the secrets of the universe itself.",Metaphor
"The fire crackled in the hearth, its flames licking the air like the tongues of some ancient beast, casting shadows that danced across the room like ghostly figures.",Personification
"His anger was a storm, building and brewing until it erupted with the force of thunder, each word a strike of lightning that left destruction in its wake.",Simile
"The sky was a canvas, the sunset its brush, each stroke of orange and pink painting a masterpiece that left everyone below in awe of its beauty.",Metaphor
"The wind howled through the canyon, a mournful cry that echoed against the stone walls, as though the earth itself were grieving for something lost long ago.",Personification
"Her voice was like a summer breeze, soft and warm, carrying with it the promise of something sweet and familiar that made everything seem right with the world.",Simile
"The night was a blanket of darkness, wrapping everything in its quiet embrace, each star a small flicker of hope in the vast sea of black.",Metaphor
"His thoughts were a whirlwind, spinning in every direction, each idea faster and faster until he could no longer separate them from one another, lost in the storm of his own mind.",Metaphor
"The old man's face was a map of time, each wrinkle a story, each line a journey that had been etched into his skin through years of living and learning.",Metaphor
"The mountain stood like a guardian, its peak piercing the sky, watching over the land below with a timeless vigilance that no storm could ever shake.",Personification
"The moon hung in the sky like a watchful eye, glowing softly against the deep, velvety night, observing the world below in peaceful silence.",Simile
"Her presence was like the first breath of spring, bringing warmth and renewal to everyone she encountered, as though the world itself were coming alive again.",Simile
"The old city streets were a labyrinth, twisting and turning in unexpected ways, each corner hiding a new discovery or a forgotten piece of history.",Metaphor
"The ocean was a vast, endless expanse, its waves crashing against the shore like a never-ending symphony, each movement a note in the eternal music of nature.",Metaphor
"The sun's rays stretched across the sky like fingers reaching out to touch everything they could, offering warmth to the earth below.",Simile
"The trees in the forest whispered to one another, their leaves rustling with secrets that only the wind could understand, as though nature itself were speaking in a language of its own.",Personification
"The train raced down the tracks, its wheels clanging like thunder, its speed a blur of motion that seemed to defy time and space.",Simile
"His emotions were a tangled web, each feeling interwoven with the others, impossible to untangle, each thread pulling him in a different direction.",Metaphor
"The city was a living, breathing entity, its streets pulsing with energy, each corner a new heartbeat in the rhythm of urban life.",Metaphor
"Her presence was a force of nature, sweeping into the room like a hurricane, commanding attention and leaving a trail of wonder in her wake.",Simile
"The forest was a cathedral of trees, their branches reaching high into the heavens, creating a sacred space where the air was thick with reverence and peace.",Metaphor
"The road ahead was an open book, each mile a new chapter waiting to be written, its twists and turns a story yet to be told.",Metaphor
"The garden bloomed like a tapestry of colors, each flower a brushstroke in a painting that was constantly changing and evolving with the seasons.",Simile
"The sound of his footsteps echoed through the empty hallway, each step a reminder of the solitude that filled the space around him.",Personification
"The sky was a patchwork quilt, each cloud a different piece stitched together, creating a tapestry of soft blues and whites that seemed to stretch on forever.",Metaphor
"The river ran through the valley like a silver thread, its waters sparkling in the sunlight, weaving through the land as though it were stitching the earth together.",Simile
"The night was alive with the sound of the wind, its whispers filling the air, like a choir of voices singing in harmony.",Personification
"The ancient library's books whispered centuries of forgotten knowledge to the dust-laden shelves, their pages trembling with memories of countless readers, scholars, and dreamers who had once traced their delicate lines.",Personification
"The human mind is an intricate ecosystem of interconnected neural pathways, where thoughts bloom like rare flowers, cross-pollinating ideas and creating entire landscapes of intellectual exploration that stretch beyond the boundaries of immediate comprehension.",Metaphor
"Her smile radiated like a sudden explosion of warm sunlight breaking through the most oppressive storm clouds, instantly transforming the atmosphere with its unexpected brilliance, melting away the coldest shadows of doubt and despair.",Simile
"The project management team conducted a comprehensive review of the quarterly strategic objectives and performance metrics.",None
"Autumn leaves performed an elaborate farewell dance, twirling and whispering their stories of summer's end, painting the landscape with a symphony of golden, crimson, and amber memories.",Personification
"Consciousness is a turbulent ocean of experiences, where waves of memories crash against the rocky shores of present awareness, sculpting the intricate coastlines of personal identity through continuous, relentless motion.",Metaphor
"His determination burned with the intensity of a thousand suns, consuming every obstacle like a wildfire racing across a parched landscape, leaving behind transformed terrain and the undeniable mark of unbreakable will.",Simile
"The research team compiled comprehensive data from multiple interdisciplinary scientific investigations.",None
"City streets breathed with the rhythmic pulse of human ambition, their concrete arteries flowing with stories of hope, struggle, and endless possibility, whispering tales of countless individual journeys.",Personification
"Memory is a living, dynamic archive, where moments are carefully curated like precious artifacts, some fading at the edges while others remain vibrantly alive, creating a constantly shifting museum of personal experience.",Metaphor
"Her voice cascaded like a melodic mountain stream, each word a liquid crystal of sound dancing over smooth emotional stones, carrying within it the profound tranquility of unexplored wilderness and unspoken understanding.",Simile
"The financial analysts prepared a detailed report on the company's quarterly performance and economic projections.",None
"Moonlight crept across the sleeping garden like a silent storyteller, painting intricate shadows that danced between flower beds, transforming ordinary landscapes into realms of magical possibility and unspoken narrative.",Personification
"Time is an invisible sculptor, meticulously chiseling away at human experiences, revealing the most delicate emotional contours, reshaping memories into intricate monuments of lived experience that stand both fragile and eternal.",Metaphor
"His hope stretched like an infinitely elastic band, capable of absorbing the most tremendous emotional tension without breaking, always returning to its original form of unwavering belief and resilient optimism.",Simile
"The human resources department conducted performance evaluations and professional development assessments.",None
"Ancient mountains stood as silent witnesses, their rocky faces etched with millennia of geological memories, breathing stories of prehistoric landscapes and forgotten civilizations, recording the planet's most profound transformations.",Personification
"Knowledge is a living, breathing organism, constantly evolving and mutating, sending out delicate tendrils of understanding that explore the most unexpected intellectual territories, challenging and redefining existing boundaries of comprehension.",Metaphor
"Her emotions cascaded like a complex waterfall of crystalline complexity, each droplet reflecting entire universes of unspoken feeling, catching and refracting the most subtle lights of inner experience.",Simile
"The software development team implemented comprehensive updates and system improvements.",None
"Thunderclouds assembled like philosophical debaters, their rumbling voices engaging in complex atmospheric dialogues that echoed across the vast celestial classroom, discussing the intricate narratives of planetary meteorological systems.",Personification
"Dreams navigate the turbulent seas of human consciousness like fragile vessels, their sails catching the most unpredictable winds of imagination, charting courses through unexplored territories of potential and unmanifested reality.",Metaphor
"His words flew like precision-guided arrows, each syllable a razor-sharp implement of communication, piercing through layers of misunderstanding and confusion, creating sudden clearings of profound comprehension.",Simile
"The marketing team developed a comprehensive strategy for brand positioning and market expansion.",None
"Starlight tiptoed across the infinite midnight canvas, painting elaborate narratives of cosmic silence, revealing the most delicate choreography of celestial movement and unspoken universal stories.",Personification
"Creativity is an untamed wilderness of human imagination, where unexpected rivers of inspiration carve through conventional landscapes, creating new territories of artistic and intellectual exploration.",Metaphor
"Her intuition moved like an invisible current of profound understanding, navigating complex emotional landscapes with the precision of an experienced cartographer mapping uncharted inner territories.",Simile
"The logistics department coordinated intricate international supply chain operations.",None
"Autumn winds composed elaborate elegies for dying leaves, their gentle voices transforming the landscape into a living manuscript of seasonal transition and natural poetry.",Personification
"Emotions construct complex architectural structures within human consciousness, with foundations of experience, walls of memory, and windows of potential, creating intricate inner landscapes of feeling and perception.",Metaphor
"His resilience glowed like an eternal flame, dancing against the most formidable winds of adversity, casting brilliant illumination into the darkest corners of seemingly insurmountable challenges.",Simile
"The compliance team reviewed and updated regulatory documentation.",None
"The world is a stage.",Metaphor
"The flowers danced in the breeze.",Personification
"He went to the store to buy some bread.",None
"Her smile was like sunshine.",Simile
"The stars danced in the night sky.",Personification
"This assignment is a nightmare.",Metaphor
"Her voice was as sweet as honey.",Simile
"Time is a thief.",Metaphor
"The leaves whispered secrets to each other.",Personification
"She opened the book and began to read.",None
"His heart was a stone.",Metaphor
"The thunder growled angrily.",Personification
"As brave as a lion, he faced his fears.",Simile
"He packed his bag and left the house.",None
"The moonlight danced on the water.",Personification
"Life is a journey, not a destination.",Metaphor
"Her eyes sparkled like diamonds.",Simile
"The kettle screamed on the stove.",Personification
"The clock ticks away life's moments.",Personification
"He drove his car down the street.",None
"The snow was a blanket covering the earth.",Metaphor
"She was as busy as a bee.",Simile
"The mountains stood guard over the valley.",Personification
"He ate his breakfast in silence.",None
"Love is a battlefield.",Metaphor
"The waves roared against the cliffs.",Personification
"As cold as ice, she walked away.",Simile
"He watered the plants in the garden.",None
"The stars shone like tiny lanterns hung in the vast, dark canopy of the night sky.",Simile
"Her words were daggers, sharp and cutting, leaving invisible wounds.",Metaphor
"The flowers turned their faces toward the sun, basking in its warm glow.",Personification
"The baby slept peacefully in the cradle, her tiny fingers curled into fists.",None
"His explanation was as clear as mud, leaving everyone more confused than before.",Simile
"The mind is a labyrinth, filled with twists and turns of thoughts and memories.",Metaphor
"The first rays of dawn kissed the earth, waking it gently from its slumber.",Personification
"She scrolled through her phone absentmindedly, barely noticing the messages.",None
"The boy was as quiet as a mouse, creeping past his parents' room to avoid waking them.",Simile
"The sea was a mirror, reflecting the golden hues of the setting sun.",Metaphor
"The train groaned and squealed as it pulled into the station, exhausted from its long journey.",Personification
"He typed furiously on his laptop, determined to finish the report before the deadline.",None
"The toddler was as curious as a cat, poking and prodding at everything he could reach.",Simile
"Her diary was a treasure chest, holding her most private thoughts and dreams.",Metaphor
"The forest sighed as the wind passed through, bending the trees gently.",Personification
"The baker kneaded the dough carefully, shaping it into loaves.",None
"The dress sparkled like a thousand tiny stars under the spotlight.",Simile
"The sky was a canvas, painted with the brilliant colors of the sunrise.",Metaphor
"The house groaned in the storm, its wooden beams creaking under the strain.",Personification
"He filled his water bottle and set out on the hiking trail.",None
"The kitten was as playful as a child, chasing after every shadow and speck of dust.",Simile
"The idea grew roots in his mind, branching out and taking hold of his every thought.",Metaphor
"The clouds wept, their tears drenching the earth below.",Personification
"The teacher handed out the tests, explaining the instructions one more time.",None
"The fabric felt as rough as sandpaper against her skin.",Simile
"Her anger was a fire, burning brightly and consuming everything in its path.",Metaphor
"The shadows crept across the room as the sun set, swallowing the light.",Personification
"He sharpened his pencil and began sketching on the blank sheet of paper.",None
"The rain poured down like a curtain of silver threads.",Simile
"Time waits for no one.",Metaphor
"The wind sang through the trees, whispering secrets of far-off places.",Personification
"He placed the groceries on the counter.",None
"Her laughter was as bright as sunshine on a clear day.",Simile
"The mountain was a giant, standing tall and unmovable.",Metaphor
"The fire crackled and danced in the fireplace, casting flickering shadows.",Personification
"She tied her shoelaces and prepared for her morning jog.",None
"The exam was as easy as pie for the prepared students.",Simile
"The city was a jungle, with chaos reigning in every corner.",Metaphor
"The stars winked at the lovers from their lofty perches in the heavens.",Personification
"The dog barked excitedly as the ball was thrown.",None
"His temper was as quick as a flash of lightning.",Simile
"The internet is a web, connecting people across the globe.",Metaphor
"The chair groaned under the weight of the heavy box.",Personification
"She stirred the soup, tasting it carefully for seasoning.",None
"The water glistened like diamonds under the noon sun.",Simile
"Her heart was a fortress, protecting her from the pain of the world.",Metaphor
"The old clock sighed with each tick, marking the passage of time.",Personification
"The children built sandcastles on the beach.",None
"The argument was as fiery as a volcano about to erupt.",Simile
"The book was a portal, transporting readers to worlds unknown.",Metaphor
"The moon followed them home, peeking through the clouds.",Personification
"He folded the laundry and placed it in neat stacks.",None
"The melody was as sweet as nectar, soothing to the soul.",Simile
"His life was a rollercoaster, full of ups and downs.",Metaphor
"The waves licked the shore, retreating with a gentle sigh.",Personification
"She poured herself a cup of coffee and settled into her chair.",None
"The lake was as still as glass, reflecting the surrounding mountains perfectly.",Simile
"The night was a blanket, covering the world in darkness.",Metaphor
"The trees danced in the storm, their branches swaying wildly.",Personification
"He scribbled notes in his notebook, lost in thought.",None
"Her eyes were as deep as the ocean, holding untold mysteries.",Simile
"The pen was mightier than the sword, changing history with a single stroke.",Metaphor
"The alarm clock screamed, jolting him awake.",Personification
"She brushed her hair and prepared for the meeting.",None
"The forest was as quiet as a graveyard, every sound amplified in the stillness.",Simile
"The door was a barrier, keeping the secrets hidden within.",Metaphor
"The stars hummed a lullaby, guiding the travelers through the night.",Personification
"He closed the book and turned off the light.",None
"The journey was as long as eternity, stretching endlessly before them.",Simile
"The past is a shadow, always following but never touching.",Metaphor
"The fireflies blinked in rhythm, painting the air with tiny lights.",Personification
"The children laughed as they played on the swings.",None
"Her mind was as sharp as a blade, cutting through every argument with ease.",Simile
"The garden was an oasis, offering peace and beauty to weary souls.",Metaphor
"The river gurgled happily as it wound its way through the valley.",Personification
"He stacked the books neatly on the shelf.",None
"Her voice was as soft as a summer breeze, calming and gentle.",Simile
"Love is a bridge, connecting hearts across the divide.",Metaphor
"The sun peeked over the horizon, stretching its golden fingers across the land.",Personification
"The artist mixed her paints and began creating a masterpiece.",None
"The problem was as complicated as a Gordian knot.",Simile
"Her words were a balm, soothing the hurt and easing the pain.",Metaphor
"The car coughed and spluttered before finally roaring to life.",Personification
"He sorted through the papers, organizing them by date.",None
"The dessert was as sweet as a dream, melting in her mouth.",Simile
"His voice was thunder, commanding attention and respect.",Metaphor
"The wind teased the leaves, tossing them playfully in all directions.",Personification
"She wrote a letter to her best friend, sealing it with care.",None
"The rain fell like a thousand tiny needles, stinging the skin.",Simile
"His voice was a velvet cloak, soothing and warm.",Metaphor
"The moon glowed like a lantern, lighting the path for the lost travelers.",Simile
"Time flies when you're having fun.",Metaphor
"The fire danced on the logs, its flames twisting in the wind.",Personification
"The car growled as it started, ready for the journey ahead.",Personification
"The city was a beehive of activity, buzzing with life.",Metaphor
"The dog wagged its tail, happy to see its owner.",None
"Her hair shone like gold under the sunlight.",Simile
"The tree was a sentinel, standing guard over the forest.",Metaphor
"The clock's ticking was the only sound in the silent room.",Personification
"She walked to the store, her footsteps echoing in the empty street.",None
"His heart was a lion's, courageous and unyielding.",Metaphor
"The book was a window into another world, offering an escape.",Metaphor
"The thunder rumbled like a distant train, foretelling a storm.",Simile
"Her words were like daggers, cutting through the tension in the room.",Simile
"The computer screen flickered like a candle in the wind.",Simile
"The wind howled through the trees, a mournful cry in the night.",Personification
"She smiled like the sun breaking through the clouds.",Simile
"The sky was a canvas, splashed with the colors of the sunset.",Metaphor
"The river whispered as it flowed, secrets carried on its current.",Personification
"His gaze was a laser, focused and intense.",Metaphor
"The room was as cold as a freezer, sending shivers down her spine.",Simile
"The chair creaked under the weight of the old man.",Personification
"He hummed a tune as he worked, the melody light and carefree.",None
"The city was a maze, with twisting streets and hidden corners.",Metaphor
"Her heart was a fragile bird, afraid to fly.",Metaphor
"The car's engine purred like a contented cat.",Simile
"The road stretched out like a ribbon, leading them to the unknown.",Simile
"The moon was a silver coin, tossed into the sky.",Metaphor
"The wind carried whispers of forgotten dreams.",Personification
"The storm was a beast, raging against the shore.",Metaphor
"Her thoughts were tangled like vines in a forest.",Simile
"His fingers were keys, unlocking the door to a new world of knowledge.",Metaphor
"The clouds rolled like heavy curtains, obscuring the sun.",Simile
"Her laughter was a melody, sweet and infectious.",Metaphor
"The mountains loomed like giants, their peaks reaching the sky.",Simile
"His words were a weapon, sharp and cutting.",Metaphor
"The tree swayed as if dancing to the rhythm of the wind.",Personification
"He lay in the grass, watching the clouds drift by.",None
"The fog rolled in like a thick blanket, covering the ground in silence.",Simile
"The sea was a tempest, tossing the ship on its waves.",Metaphor
"She was a beacon, guiding him through the dark times.",Metaphor
"The book opened like a treasure chest, revealing its secrets.",Simile
"The clock's ticking was the heartbeat of the house.",Personification
"His soul was a storm, never calm, always restless.",Metaphor
"The sun dipped below the horizon like a fiery ball.",Simile
"The room was a furnace, the heat unbearable.",Metaphor
"She ran like a cheetah, swift and unstoppable.",Simile
"The tree's branches reached toward the sky like arms longing for the sun.",Simile
"The mountain stood like a silent sentinel, watching over the land.",Metaphor
"The flowers nodded in the breeze, their petals dancing.",Personification
"His thoughts were as scattered as autumn leaves in the wind.",Simile
"Her love was a fire, burning bright and fierce.",Metaphor
"The night sky was a black velvet blanket, studded with stars.",Metaphor
"His footsteps were whispers in the dark, barely audible.",Personification
"The stars above were as bright as diamonds, sparkling in the night.",Simile
"The boat rocked gently on the water, as though it was asleep.",Personification
"The stars were a chorus, singing their song across the sky.",Personification
"The rain drummed against the window like tiny fingers tapping.",Simile
"His thoughts were a labyrinth, twisting and turning in his mind.",Metaphor
"The streets were rivers, with cars flowing like boats on the water.",Metaphor
"The door creaked like an old man's bones, groaning with age.",Simile
"Her laughter was the sound of a bell, clear and bright.",Metaphor
"The ocean was a mirror, reflecting the moonlight perfectly.",Metaphor
"Her heart fluttered like a bird caught in a storm.",Simile
"His smile was a sunrise, lighting up the room.",Metaphor
"The tree's leaves whispered secrets to the wind.",Personification
"The sand was a golden carpet, stretching across the beach.",Metaphor
"His eyes were mirrors, reflecting the world around him.",Metaphor
"The river ran like a silver ribbon, winding its way through the valley.",Simile
"She was a book, her life a story written in pages of time.",Metaphor
"The storm was a symphony, the wind and rain creating its music.",Metaphor
"The clouds floated like cotton balls in the sky.",Simile
"The valley was a bowl, cradling the river like a child.",Metaphor
"The trees stood like ancient guardians, protecting the forest.",Simile
"He was a lighthouse, guiding others through the storm.",Metaphor
"The fire burned like an eternal flame, never fading.",Simile
"Her skin was porcelain, smooth and delicate.",Simile
"The clock was a prisoner, trapped in its own ticking rhythm.",Metaphor
"The mountains were a fortress, impregnable and vast.",Metaphor
"The wind whispered through the trees, telling tales of distant lands.",Personification
"The rain pelted the ground like a thousand tiny hammers.",Simile
"Her beauty was a rose, delicate and timeless.",Metaphor
"The train whistled as it sped down the tracks, echoing through the night.",Personification
"His words were as sharp as a blade, cutting through the silence.",Simile
"The world was a stage, and he was merely a player.",Metaphor
"She moved like a dancer, graceful and fluid.",Simile
"The old house groaned as the wind howled through its cracks.",Personification
"He sat on the bench, waiting for his turn to speak.",None
"The moon was a pearl in the night sky, glowing softly.",Metaphor
"The clouds were cotton candy, pink and soft.",Simile
"Her voice was a symphony, each note perfectly in tune.",Metaphor
"His eyes were windows, showing his true feelings.",Metaphor
"The wind was a sculptor, carving shapes in the sand.",Personification
"The forest was a cathedral, its towering trees creating a sacred space.",Metaphor
"The mountain was a challenge, its peak elusive and unreachable.",Metaphor
"The clock was a ticking bomb, each second a countdown.",Metaphor
"His mind was a storm, filled with chaos and confusion.",Metaphor
"The trees were giants, their branches stretching high into the sky.",Metaphor
"Her footsteps were like whispers, barely audible.",Simile
"The thunder was a drum, shaking the earth with its beat.",Personification
"The book was a portal, opening to unknown worlds.",Metaphor
"He was a lion in the boardroom, commanding respect.",Metaphor
"The path was a serpent, winding and twisting through the forest.",Metaphor
"The storm was a lion, roaring through the night.",Metaphor
"The night was a blanket, wrapped tightly around the earth.",Metaphor
"Her smile was a crescent moon, shining through the darkness.",Simile
"The ocean was a vast expanse, stretching to the horizon.",Metaphor
"His hands were as soft as velvet, gentle and kind.",Simile
"The house was a tomb, silent and still.",Metaphor
"The stars were diamonds, scattered across the night sky.",Simile
"The wind was a whisper, secretive and quiet.",Personification
"His gaze was a spotlight, focusing on her every move.",Metaphor
"Her heart was a puzzle, each piece a mystery to solve.",Metaphor
"The shadows danced on the wall, twisting and turning with the light.",Personification
"The mountain was a titan, looming over the valley.",Metaphor
"The river was a silver ribbon, winding its way through the countryside.",Metaphor
"Her eyes were windows to her soul, revealing everything.",Metaphor
"The car was a beast, roaring down the highway.",Metaphor
"He was a butterfly, fluttering from one idea to the next.",Metaphor
"The garden was a treasure chest, filled with colorful jewels of flowers.",Metaphor
"Her mind was a steel trap, catching every thought.",Metaphor
"The night was a velvet curtain, draped over the world.",Metaphor
"His words were chains, binding her to the past.",Metaphor
"The train was a snake, slithering down the tracks.",Metaphor
"The rain fell in sheets, soaking everything in its path.",Simile
"The mountain was a shadow, looming in the distance.",Metaphor
"Her smile was a firework, bursting with color and light.",Simile
"The ocean was a storm, its waves crashing violently.",Metaphor
"He was a phoenix, rising from the ashes of his past.",Metaphor
"The sun was a golden coin, shining brightly in the sky.",Metaphor
"The street was a river, with cars flowing like fish.",Metaphor
"Her touch was a spark, igniting a fire in his heart.",Metaphor
"The wind was a brush, painting the sky with clouds.",Personification
"The fog was a shroud, covering the landscape in mystery.",Metaphor
"His laugh was a bell, ringing through the silence.",Metaphor
"The tree was an umbrella, shielding the earth from the sun.",Metaphor
"The wind whispered through the trees, telling secrets to the leaves.",Personification
"The moon smiled down on the peaceful village, casting a gentle glow.",Personification
"The sun stretched its golden arms across the sky, waking the earth.",Personification
"The waves danced upon the shore, laughing as they reached for the sand.",Personification
"The old house groaned under the weight of years, sighing with age.",Personification
"The river sang a lullaby as it flowed gently through the valley.",Personification
"The stars blinked sleepily, waiting for the night to end.",Personification
"The trees swayed in rhythm, as if dancing to the song of the wind.",Personification
"The fire crackled and whispered, sharing its warmth with the room.",Personification
"The shadows crept silently across the floor, hiding in the corners.",Personification
"The clock ticked impatiently, urging the minutes to pass faster.",Personification
"The flowers smiled as they reached towards the sun, basking in its warmth.",Personification
"The mountains stood tall, watching over the valley with ancient eyes.",Personification
"The night wrapped its cool arms around the city, bringing silence with it.",Personification
"The thunder rumbled like an angry beast, shaking the windows.",Personification
"The stars stretched across the sky like glittering diamonds.",Personification
"The wind howled in protest, refusing to be ignored.",Personification
"The trees whispered stories to each other, sharing their secrets with the breeze.",Personification
"The earth sighed, relieved by the gentle rain that kissed its surface.",Personification
"The flowers opened their petals, eager to greet the morning sun.",Personification
"The streetlights blinked awake, casting their yellow glow on the sleepy streets.",Personification
"The river murmured softly, its waters caressing the rocks like a lover's touch.",Personification
"The clouds gathered together like a meeting of old friends, discussing the day's events.",Personification
"The firelight danced on the walls, its flickering shadows telling tales of the past.",Personification
"The rain tapped on the window, as if asking to come inside.",Personification
"The moon hid behind the clouds, shy and elusive.",Personification
"The wind carried the scent of fresh rain, sharing the earth's new fragrance.",Personification
"The ocean whispered its secrets to the shore, its voice soft and gentle.",Personification
"The trees reached out with their branches, trying to catch the wind.",Personification
"The stars winked playfully at the earth below, keeping their secrets.",Personification
"The clouds drifted lazily across the sky, as if on a peaceful vacation.",Personification
"The fire crackled like an old man telling stories, its sparks jumping into the air.",Personification
"The ice creaked and groaned, unwilling to give up its frozen grip on the earth.",Personification
"The morning dew kissed the grass, leaving a trail of shimmering droplets.",Personification
"The sun painted the sky with shades of pink and orange as it set.",Personification
"The river sighed as it passed over the rocks, its journey endless.",Personification
"The autumn leaves danced across the ground, swirling in the breeze.",Personification
"The road stretched endlessly ahead, inviting travelers to explore its path.",Personification
"The flowers yawned, slowly closing their petals as the day ended.",Personification
"The night sky stretched out like a dark blanket, covering the world below.",Personification
"The stars blinked like tiny lights, guiding the way through the darkness.",Personification
"The clouds wept softly, shedding their tears on the thirsty earth.",Personification
"The wind sang a mournful tune, carrying with it the scent of distant lands.",Personification
"The moon peeked out from behind the clouds, casting a soft glow on the world.",Personification
"The trees stood tall, their branches reaching for the sky as if they could touch it.",Personification
"The rain danced on the rooftops, its rhythmic tapping a lullaby to the sleepers below.",Personification
"The leaves rustled in excitement, ready to fall as the season changed.",Personification
"The stars sparkled like mischievous eyes, watching over the sleeping world.",Personification
"The snowflakes gently kissed the ground, as if the earth was their lover.",Personification
"The mountain roared in defiance, its peaks challenging the sky.",Personification
"The clock ticked with purpose, marking the passing of time with each beat.",Personification
"Her hair was as golden as the sun.",Simile
"His voice was as smooth as velvet.",Simile
"The water sparkled like diamonds in the sunlight.",Simile
"She ran as fast as a cheetah.",Simile
"His smile was as bright as the morning sun.",Simile
"The moon hung in the sky like a silver coin.",Simile
"The wind howled like a wolf in the night.",Simile
"Her eyes shone as bright as stars.",Simile
"The car roared down the highway like a lion.",Simile
"The mountains stood as tall as giants.",Simile
"The house creaked like an old wooden ship.",Simile
"His laugh was as loud as thunder.",Simile
"The trees swayed like dancers in the breeze.",Simile
"Her skin was as smooth as silk.",Simile
"The baby slept as peacefully as a kitten.",Simile
"The rain fell like a curtain of silver threads.",Simile
"His hands were as cold as ice.",Simile
"Her voice was as sweet as honey.",Simile
"The stars sparkled like jewels in the sky.",Simile
"The car sped down the street like a bullet.",Simile
"Her cheeks were as red as a rose.",Simile
"His temper flared like a firestorm.",Simile
"The thunder rumbled like a giant waking from a long sleep.",Simile
"Her laughter was like the tinkling of bells.",Simile
"His heart raced like a drumbeat.",Simile
"The flowers bloomed like colorful fireworks.",Simile
"The night was as dark as coal.",Simile
"The storm raged like a wild beast.",Simile
"Her dress flowed like a river of silk.",Simile
"The trees were as tall as skyscrapers.",Simile
"The clock ticked like a countdown to midnight.",Simile
"The moon was like a pale lantern in the sky.",Simile
"Her thoughts were as scattered as leaves in the wind.",Simile
"The sand felt like warm sugar beneath my feet.",Simile
"His anger was as hot as molten lava.",Simile
"The ocean waves crashed like thunder against the shore.",Simile
"Her smile was as bright as a beacon of light.",Simile
"The ice was as hard as stone.",Simile
"The fire burned like a hungry beast.",Simile
"His hands were as rough as sandpaper.",Simile
"The wind whispered secrets to the trees.",Personification
"The moon peeked through the clouds, watching over the world.",Personification
"The stars stretched lazily across the sky, like a blanket.",Personification
"The storm growled angrily, shaking the windows.",Personification
"The fire danced in the hearth, casting shadows on the wall.",Personification
"The waves were angry, crashing violently against the shore.",Personification
"The sun smiled down on the earth, warming everything in its path.",Personification
"The trees reached their arms to the sky, yearning for more sunshine.",Personification
"The wind sang through the night, carrying songs from afar.",Personification
"The streetlights blinked awake as the evening arrived.",Personification
"The mountain stood proudly, watching over the valley.",Personification
"The moon hid behind the clouds, shy and elusive.",Personification
"The ocean roared in fury, pounding against the rocks.",Personification
"The flowers danced in the breeze, moving like ballerinas.",Personification
"The rain tapped on the windows, asking to come inside.",Personification
"The night wrapped the city in a blanket of silence.",Personification
"The thunder rumbled, growling in the distance.",Personification
"The earth sighed with relief after the rainfall.",Personification
"The leaves whispered to each other, secrets only the wind could understand.",Personification
"The clock ticked slowly, as if time itself was reluctant to move.",Personification
"The stars twinkled with excitement, eager to light the sky.",Personification
"The river sang softly, its waters babbling secrets to the rocks.",Personification
"The shadows crept across the floor, hiding in corners.",Personification
"The street was alive with the hustle and bustle of the city.",Personification
"The tree shook its branches, shedding the last of its leaves.",Personification
"The night sky welcomed the stars, each one a new friend.",Personification
"The earth woke up, stretching beneath the first rays of the sun.",Personification
"The flowers sighed in the breeze, happy to see the sunlight again.",Personification
"The walls groaned as the house settled into the night.",Personification
"The mountain whispered ancient tales to the wind.",Personification
"The fire crackled and popped, laughing with joy.",Personification
"The clouds wept, sharing their tears with the earth below.",Personification
"The city woke up with a yawn, ready to face the new day.",Personification
"The trees hummed with the wind, as if they were singing a song.",Personification
"The house groaned under the weight of years.",Personification
"The sun hid behind the clouds, shy to come out.",Personification
"The stars looked down like tiny eyes, peering at the world below.",Personification
"The moon smiled, casting a soft light over the world.",Personification
"The wind rushed to catch up with the rushing cars.",Personification
"The fog rolled in, wrapping the world in mystery.",Personification
"The river sighed as it flowed around the rocks.",Personification
"The trees whispered in the night, secrets only the leaves could hear.",Personification
"Her eyes were as bright as the stars in the sky.",Simile
"His voice was as smooth as butter.",Simile
"The night was as dark as ink.",Simile
"The rain fell like a curtain of tears.",Simile
"Her skin was as soft as a petal.",Simile
"The wind blew as fiercely as a lion.",Simile
"His words cut like a knife.",Simile
"The ice was as cold as death.",Simile
"The stars shimmered like diamonds.",Simile
"The moon hung in the sky like a silver coin.",Simile
"Her hair shone like gold in the sunlight.",Simile
"The trees stood tall like giants.",Simile
"The sky was as blue as the ocean.",Simile
"His laugh was as loud as thunder.",Simile
"The water flowed like liquid glass.",Simile
"Her smile was as bright as the sun.",Simile
"The mountain stood as still as a statue.",Simile
"The flames burned like a raging inferno.",Simile
"Her dress swirled like a gust of wind.",Simile
"The city was as busy as a beehive.",Simile
"The car sped down the road like a bullet.",Simile
"The morning sky was as pink as cotton candy.",Simile
"The clock ticked like the footsteps of time.",Simile
"The crowd roared like a thunderstorm.",Simile
"His hands were as rough as sandpaper.",Simile
"The ice cracked like breaking glass.",Simile
"Her touch was as gentle as a butterfly's wing.",Simile
"The storm raged like a wild beast.",Simile
"The night was as silent as a tomb.",Simile
"The room was as cold as a freezer.",Simile
"His eyes were as sharp as a hawk's.",Simile
"The tree swayed like a dancer.",Simile
"The air smelled as fresh as a spring morning.",Simile
"His heart beat like a drum.",Simile
"The leaves fluttered like butterflies in the wind.",Simile
"The snow fell like soft cotton.",Simile
"The rain sounded like a thousand whispers.",Simile
"The street was as empty as a ghost town.",Simile
"The river flowed like a silver ribbon.",Simile
"The child slept like a log.",Simile
"The room smelled like fresh baked bread.",Simile
"Her eyes were as deep as the ocean.",Simile
"His arms were as strong as steel.",Simile
"The stars twinkled like tiny jewels in the sky.",Simile
"The door creaked like an old wooden ship.",Simile
"The world is a stage, and we are all actors.",Metaphor
"Her heart is a stone, cold and unfeeling.",Metaphor
"Time is a thief, stealing moments away.",Metaphor
"The city is a jungle, filled with hidden dangers.",Metaphor
"His words were weapons, cutting through the silence.",Metaphor
"The ocean is a restless beast, always moving.",Metaphor
"Her mind is a labyrinth, filled with confusion.",Metaphor
"The world is a book, and those who do not travel read only one page.",Metaphor
"Life is a journey, full of twists and turns.",Metaphor
"Her voice is music, sweet and soothing.",Metaphor
"His mind is a sponge, soaking up knowledge.",Metaphor
"The sun is a golden coin, shining brightly in the sky.",Metaphor
"The river is a snake, winding its way through the valley.",Metaphor
"Her eyes are windows to her soul.",Metaphor
"His heart is an open book, filled with stories.",Metaphor
"Life is a rollercoaster, full of ups and downs.",Metaphor
"The sky is a blanket, covering the earth with its warmth.",Metaphor
"The classroom was a battlefield, full of chaos and noise.",Metaphor
"The mountain is a fortress, standing guard over the valley.",Metaphor
"The world is a canvas, waiting for us to paint our future.",Metaphor
"The storm is a beast, fierce and untamable.",Metaphor
"Her smile is sunshine, brightening the room.",Metaphor
"The night is a blanket, pulling the world to sleep.",Metaphor
"His anger is a fire, burning everything in its path.",Metaphor
"The classroom is a zoo, full of wild students.",Metaphor
"The forest is a cathedral, full of sacred trees.",Metaphor
"Her voice is honey, sweet and warm.",Metaphor
"The city is a machine, moving with precision.",Metaphor
"The book is a doorway, leading to new worlds.",Metaphor
"The clock is a prisoner, held by time.",Metaphor
"The future is a mystery, waiting to be discovered.",Metaphor
"His mind is a fortress, impenetrable to others.",Metaphor
"The road is a ribbon, leading to new destinations.",Metaphor
"Her thoughts are a whirlwind, constantly changing.",Metaphor
"The forest is a maze, full of hidden paths.",Metaphor
"The computer is a brain, processing information.",Metaphor
"The river is a mirror, reflecting the sky.",Metaphor
"Her laughter is a melody, echoing through the room.",Metaphor
"The moon is a ghost, silently drifting across the sky.",Metaphor
"His words are bricks, building walls around him.",Metaphor
"The city is a puzzle, each piece fitting into place.",Metaphor
"The clock is a ticking bomb, counting down the moments.",Metaphor
"The ocean is a mirror, reflecting the sky above.",Metaphor
"The tree is a giant, standing tall in the forest.",Metaphor
"The wind whispered secrets to the trees.",Personification
"The moon peeked through the clouds, watching over the world.",Personification
"The stars stretched lazily across the sky, like a blanket.",Personification
"The storm growled angrily, shaking the windows.",Personification
"The fire danced in the hearth, casting shadows on the wall.",Personification
"The waves were angry, crashing violently against the shore.",Personification
"The sun smiled down on the earth, warming everything in its path.",Personification
"The trees reached their arms to the sky, yearning for more sunshine.",Personification
"The wind sang through the night, carrying songs from afar.",Personification
"The streetlights blinked awake as the evening arrived.",Personification
"The mountain stood proudly, watching over the valley.",Personification
"The moon hid behind the clouds, shy and elusive.",Personification
"The ocean roared in fury, pounding against the rocks.",Personification
"The flowers danced in the breeze, moving like ballerinas.",Personification
"The rain tapped on the windows, asking to come inside.",Personification
"The night wrapped the city in a blanket of silence.",Personification
"The thunder rumbled, growling in the distance.",Personification
"The earth sighed with relief after the rainfall.",Personification
"The leaves whispered to each other, secrets only the wind could understand.",Personification
"The clock ticked slowly, as if time itself was reluctant to move.",Personification
"The stars twinkled with excitement, eager to light the sky.",Personification
"The river sang softly, its waters babbling secrets to the rocks.",Personification
"The shadows crept across the floor, hiding in corners.",Personification
"The street was alive with the hustle and bustle of the city.",Personification
"The tree shook its branches, shedding the last of its leaves.",Personification
"The night sky welcomed the stars, each one a new friend.",Personification
"The earth woke up, stretching beneath the first rays of the sun.",Personification
"The flowers sighed in the breeze, happy to see the sunlight again.",Personification
"The walls groaned as the house settled into the night.",Personification
"The mountain whispered ancient tales to the wind.",Personification
"The fire crackled and popped, laughing with joy.",Personification
"The clouds wept, sharing their tears with the earth below.",Personification
"The city woke up with a yawn, ready to face the new day.",Personification
"The trees hummed with the wind, as if they were singing a song.",Personification
"The house groaned under the weight of years.",Personification
"The sun hid behind the clouds, shy to come out.",Personification
"The stars looked down like tiny eyes, peering at the world below.",Personification
"The moon smiled, casting a soft light over the world.",Personification
"The wind rushed to catch up with the rushing cars.",Personification
"The fog rolled in, wrapping the world in mystery.",Personification
"The river sighed as it flowed around the rocks.",Personification
"The trees whispered in the night, secrets only the leaves could hear.",Personification
"The sky was crying, tears falling from its eyes.",Personification
"The sun is always awake, casting light to guide you home.",Personification
"The night wrapped its arms around the world.",Personification
"The books waited patiently on the shelf, eager to share their stories.",Personification
"The chair groaned under the weight of the tired traveler.",Personification
"The stars were blinking like eyes in the dark sky.",Personification
"The clouds were laughing, rolling across the sky.",Personification
"The clock's hands were tired, taking their sweet time.",Personification
"The road ahead whispered promises of adventure.",Personification
"The table seemed to groan under the weight of the dinner.",Personification
"The city's lights flickered like tired fireflies.",Personification
"The shadows crept closer, inching their way into the room.",Personification
"The night covered the city like a dark blanket.",Personification
"The walls of the house sighed, feeling the wear of the years.",Personification
"The trees whispered secrets to each other.",Personification
"The stars winked at us from their far-off homes.",Personification
"The book begged to be opened, its pages filled with secrets.",Personification
"The leaves shivered in the cold wind.",Personification
"The sun peeked through the clouds, shy but warm.",Personification
"The stars were a million eyes watching over us.",Personification
"The ocean's waves whispered softly to the beach.",Personification
"The birds were singing a melody of hope.",Personification
"The lights twinkled like distant stars in the night.",Personification
"The earth groaned as the heavy rain poured down.",Personification
"The mountain stood like a sentry, guarding the valley.",Personification
"The house groaned as it settled, tired from the years.",Personification
"The shadows stretched long and thin, creeping across the floor.",Personification
"The city was humming with life, like a buzzing beehive.",Personification
"The fire flickered with excitement, lighting up the room.",Personification
"The clouds were gathering like a group of spectators.",Personification
"The sun seemed to smile down on the earth.",Personification
"The air around them shimmered with magic.",Personification
"The forest seemed to breathe, alive with mystery.",Personification
"The lamp flickered to life, eager to brighten the dark room.",Personification
"The waves crashed against the rocks, angry and relentless.",Personification
"The tree groaned as the wind shook its branches.",Personification
"The wind sang a soft lullaby to the world.",Personification
"The stars blinked, shy and distant.",Personification
"The fire crackled and popped, telling stories of ancient times.",Personification
"The mountain whispered ancient tales to the traveler.",Personification
"Her eyes were as bright as the stars in the sky.",Simile
"His voice was as smooth as butter.",Simile
"The night was as dark as ink.",Simile
"The rain fell like a curtain of tears.",Simile
"Her skin was as soft as a petal.",Simile
"The wind blew as fiercely as a lion.",Simile
"His words cut like a knife.",Simile
"The ice was as cold as death.",Simile
"The stars shimmered like diamonds.",Simile
"The moon hung in the sky like a silver coin.",Simile
"Her hair shone like gold in the sunlight.",Simile
"The trees stood tall like giants.",Simile
"The sky was as blue as the ocean.",Simile
"His laugh was as loud as thunder.",Simile
"The water flowed like liquid glass.",Simile
"Her smile was as bright as the sun.",Simile
"The mountain stood as still as a statue.",Simile
"The flames burned like a raging inferno.",Simile
"Her dress swirled like a gust of wind.",Simile
"The city was as busy as a beehive.",Simile
"The car sped down the road like a bullet.",Simile
"The morning sky was as pink as cotton candy.",Simile
"The clock ticked like the footsteps of time.",Simile
"The crowd roared like a thunderstorm.",Simile
"His hands were as rough as sandpaper.",Simile
"The ice cracked like breaking glass.",Simile
"Her touch was as gentle as a butterfly's wing.",Simile
"The storm raged like a wild beast.",Simile
"The night was as silent as a tomb.",Simile
"The room was as cold as a freezer.",Simile
"His eyes were as sharp as a hawk's.",Simile
"The tree swayed like a dancer.",Simile
"The air smelled as fresh as a spring morning.",Simile
"His heart beat like a drum.",Simile
"The leaves fluttered like butterflies in the wind.",Simile
"The snow fell like soft cotton.",Simile
"The rain sounded like a thousand whispers.",Simile
"The street was as empty as a ghost town.",Simile
"The river flowed like a silver ribbon.",Simile
"The child slept like a log.",Simile
"The room smelled like fresh baked bread.",Simile
"Her eyes were as deep as the ocean.",Simile
"His arms were as strong as steel.",Simile
"The stars twinkled like tiny jewels in the sky.",Simile
"The door creaked like an old wooden ship.",Simile
"Her thoughts were as scattered as leaves in the wind.",Simile
"The car rumbled like thunder before taking off.",Simile
"The stars were as bright as glitter.",Simile
"Her laughter was as contagious as a yawn.",Simile
"His voice was as smooth as silk.",Simile
"The night sky was as dark as pitch.",Simile
"The storm passed like a bad memory.",Simile
"The ice was as slippery as a snake.",Simile
"The leaves crunched underfoot like paper.",Simile
"The city lights were like stars come to earth.",Simile
"The baby slept like an angel.",Simile
"The river bubbled like a happy child.",Simile
"His smile was as wide as the horizon.",Simile
"The car zoomed by like a comet.",Simile
"Her eyes sparkled like the ocean on a sunny day.",Simile
"The mountain loomed like a sleeping giant.",Simile
"The paper was as white as snow.",Simile
"The water was as clear as crystal.",Simile
"The thunder sounded like a freight train.",Simile
"The storm felt like an angry beast on the prowl.",Simile
"The flowers bloomed like a painter's palette.",Simile
"Her voice was as soft as a whisper.",Simile
"The fire roared like a lion.",Simile
"The sky darkened like a storm brewing.",Simile
"The sun set like a fiery ball sinking into the horizon.",Simile
"The wind howled like a wolf in the night.",Simile
"The crowd cheered like a wave.",Simile
"The leaves turned colors like a painter's brush.",Simile
"His words were like music to her ears.",Simile
"The waves crashed like thunder on the beach.",Simile
"The stars shone like beacons in the night.",Simile
"The desert was as dry as a bone.",Simile
"His thoughts were as tangled as a web.",Simile
"The river was as wide as a valley.",Simile
"The smell of coffee was as rich as chocolate.",Simile
"The city was as noisy as a carnival.",Simile
"The fog was as thick as soup.",Simile
"His eyes were as dark as the night.",Simile
"The sun was as hot as an oven.",Simile
"The floor was as cold as marble.",Simile
"Her breath was as soft as a summer breeze.",Simile
"The moon hung like a lantern in the sky.",Simile
"His hands were as steady as a surgeon's.",Simile
"The clouds were as fluffy as cotton candy.",Simile
"The ocean sparkled like a field of diamonds.",Simile
"The sky was as clear as a bell.",Simile
"The fire crackled like a thousand tiny fireworks.",Simile
"Her voice was music to his ears.",Metaphor
"The storm was a beast unleashed.",Metaphor
"Time is a thief.",Metaphor
"He was a shining star in the crowd.",Metaphor
"The world is a stage.",Metaphor
"His heart was a stone.",Metaphor
"The city is a jungle.",Metaphor
"Her smile was a ray of sunshine.",Metaphor
"The classroom was a zoo.",Metaphor
"His mind was a blank canvas.",Metaphor
"The wind is a lion roaring.",Metaphor
"She is the light of my life.",Metaphor
"The night is a blanket of darkness.",Metaphor
"Her eyes are two bright stars.",Metaphor
"The world is a stage, and we are merely players.",Metaphor
"His words were daggers.",Metaphor
"The city is a maze.",Metaphor
"Her heart is an open book.",Metaphor
"The classroom was a battlefield.",Metaphor
"He was a rock in a stormy sea.",Metaphor
"Her voice is honey.",Metaphor
"The world is a mirror.",Metaphor
"His thoughts are clouds drifting away.",Metaphor
"The moon is a pearl in the sky.",Metaphor
"She is the queen of the night.",Metaphor
"Her heart is a diamond.",Metaphor
"The storm is a monster.",Metaphor
"The clock is a ticking time bomb.",Metaphor
"His hands were ice.",Metaphor
"The tree is a giant reaching for the sky.",Metaphor
"The mountain is a wall of granite.",Metaphor
"Her mind is a maze of ideas.",Metaphor
"His life is a roller coaster.",Metaphor
"She is the sun in my universe.",Metaphor
"The river is a mirror of the sky.",Metaphor
"His words are bullets.",Metaphor
"The future is a blank page.",Metaphor
"His eyes were deep pools of mystery.",Metaphor
"Her mind was a storm of ideas.",Metaphor
"The ocean is a silver ribbon.",Metaphor
"Her beauty is a rose in full bloom.",Metaphor
"He was a lion in the fight.",Metaphor
"His spirit is a candle in the dark.",Metaphor
"Her smile is a weapon.",Metaphor
"The book is a gateway to another world.",Metaphor
"Her eyes were pools of sorrow.",Metaphor
"The city is a concrete jungle.",Metaphor
"His soul is a prison.",Metaphor
"The world is a canvas for your dreams.",Metaphor
"Her laugh is music to my soul.",Metaphor
"Life is a journey.",Metaphor
"His words were fire.",Metaphor
"The stars are diamonds scattered across the sky.",Metaphor
"Her thoughts were a whirlpool.",Metaphor
"The river was a snake winding through the valley.",Metaphor
"His heart was an open book.",Metaphor
"The world is a puzzle waiting to be solved.",Metaphor
"The classroom was a jungle.",Metaphor
"Her love is a treasure.",Metaphor
"Time is a river flowing endlessly.",Metaphor
"The road was a ribbon of light.",Metaphor
"The mountain was a giant watching over the valley.",Metaphor
"His dreams are a sea of stars.",Metaphor
"The city was a furnace.",Metaphor
"Her hair was a golden waterfall.",Metaphor
"His temper is a ticking time bomb.",Metaphor
"The future is a road we have yet to travel.",Metaphor
"Her mind is a wild garden.",Metaphor
"His life was a series of missteps.",Metaphor
"The world is a garden waiting to be cultivated.",Metaphor
"The night sky was a quilt of stars.",Metaphor
"His heart is a cold fortress.",Metaphor
"Her smile is a light in the darkness.",Metaphor
"His words were a sword.",Metaphor
"The city is a maze of possibilities.",Metaphor
"Her voice is music.",Metaphor
"His mind is a web of lies.",Metaphor
"The morning sun is a brushstroke of light.",Metaphor
"Her love is a flame that never dies.",Metaphor
"The classroom is a war zone.",Metaphor
"His dreams were stars waiting to be caught.",Metaphor
"The storm is a symphony of chaos.",Metaphor
"Her spirit is a fire.",Metaphor
"The book was a doorway to a new world.",Metaphor
"The world is a mirror of our thoughts.",Metaphor
"Her beauty is a diamond.",Metaphor
"The world is a library of knowledge.",Metaphor
"The city was a puzzle.",Metaphor
"Her voice is velvet.",Metaphor
"The night is a blanket.",Metaphor
"His words are fire.",Metaphor
"Her words were a warm blanket on a freezing night, wrapping him in a comfort he had long forgotten, shielding him from the cold storm of his worries.",Metaphor
"The rain fell in rhythmic whispers against the roof, as if nature herself was narrating a story only the night could understand.",Personification
"Her laugh was like the melody of a forgotten song, hauntingly familiar yet carrying a sweetness that resonated deep in his soul.",Simile
"The ancient tree stood as a sentinel of time, its gnarled roots embracing the earth like an elder holding on to the memories of centuries gone by.",Metaphor
"The ocean sang its eternal song, a symphony of waves crashing and retreating, carrying with them secrets whispered by distant shores.",Personification
"His dreams were like fragile glass sculptures, beautiful to behold but shattering at the slightest touch of doubt or despair.",Simile
"The old typewriter groaned and clattered, each keystroke a sigh of exhaustion from a relic that had witnessed countless untold stories.",Personification
"Her thoughts swirled like a storm of fireflies, each illuminating a fleeting idea that flickered before vanishing into the depths of her mind.",Simile
"The forest was alive, its leaves whispering secrets to the wind while its shadows played tricks on those daring to wander within.",Personification
"Her heart was a compass, always pointing her toward hope, even when the world seemed to spin in a directionless blur of chaos.",Metaphor
"The moon hung in the sky like a silver coin dropped carelessly onto a velvet table, illuminating the earth with its quiet brilliance.",Simile
"The clock in the corner seemed to sigh with each tick, its hands dragging themselves forward as though burdened by time's endless march.",Personification
"The stars stretched out like a painter's brushstrokes on a canvas of midnight, each dot a masterpiece of celestial design.",Simile
"His life was an intricate tapestry, every thread representing a moment, a choice, a memory woven together into a picture only he could truly understand.",Metaphor
"The wind howled through the empty streets, a mournful wail that seemed to carry the sorrows of a thousand forgotten nights.",Personification
"The child's laughter rang out like the sound of bells on a quiet morning, pure and joyful, cutting through the silence like sunlight through clouds.",Simile
"The mountains loomed in the distance, their peaks veiled in clouds that seemed to cling to them like loyal guardians of ancient secrets.",Metaphor
"The fireplace crackled and hissed, its flames dancing with a wild joy that turned the cold room into a haven of warmth and light.",Personification
"Her voice was like the first breeze of spring after a long winter, bringing with it promises of renewal and hope.",Simile
"The city was a living entity, its streets pulsing with life, its lights blinking like eyes keeping watch over the restless inhabitants.",Metaphor
"The storm raged against the windows, its fury a symphony of thunderous roars and flashing lights, as though the heavens were waging war upon the earth.",Personification
"The painting was as vibrant as a field of wildflowers in full bloom, every color a note in a visual melody that captivated the soul.",Simile
"Her love was an anchor, grounding him when the storms of life threatened to carry him away into the unknown abyss.",Metaphor
"The morning sun stretched its golden arms across the horizon, chasing away the lingering shadows of the night and waking the world with its gentle touch.",Personification
"His thoughts drifted like leaves caught in an autumn breeze, weightless and without direction, carried by the winds of uncertainty.",Simile
"The library was a sanctuary of wisdom, its shelves standing like silent sentinels guarding the knowledge of generations past.",Metaphor
"The waves whispered to the shore, their gentle murmur a lullaby that soothed the restless sands into peaceful stillness.",Personification
"The fireworks burst in the night sky like a cascade of shooting stars, painting the darkness with a fleeting masterpiece of light and color.",Simile
"Her courage was a fire, burning brightly within her, illuminating the darkness and guiding those around her with its unwavering brilliance.",Metaphor
"The river sang its ancient song, its melody carrying the stories of mountains and valleys, carving paths through time and stone.",Personification
"His smile was as infectious as a flame spreading through dry grass, igniting joy in everyone who crossed his path.",Simile
"The house was a treasure chest of memories, each creak of the floorboards unlocking a moment from the past, preserved like gold in its walls.",Metaphor
"The wind danced through the trees, its playful whispers rustling the leaves and stirring the air with a joyful rhythm.",Personification
"Her grief clung to her like a heavy fog, obscuring her vision of the future and leaving her lost in a haze of sorrow.",Simile
"The stars were jewels scattered carelessly across the night sky, each one sparkling with a light as ancient as time itself.",Metaphor
"The meadow hummed with life, the flowers swaying to the rhythm of the breeze, a quiet symphony of nature's creation.",Personification
"The violin's notes flowed through the room like a stream winding through a quiet forest, soothing and serene in its melody.",Simile
"The mountain was a fortress, its jagged cliffs and sheer faces standing as an impenetrable barrier against the forces of time.",Metaphor
"The candles flickered and swayed, their flames dancing with a life of their own in the stillness of the darkened room.",Personification
"The words of the poet were a gentle tide, rising and falling, washing over the audience with a rhythm that seemed to soothe even the harshest worries.",Metaphor
"The old piano sighed with every note, its keys bearing the weight of countless melodies and the lingering touch of hands long gone.",Personification
"Her thoughts darted about like fireflies in the twilight, elusive and glowing with fleeting brilliance before disappearing into the shadows of her mind.",Simile
"The city was a living, breathing organism, its streets the veins through which life flowed, and its lights the heartbeat that never ceased.",Metaphor
"The sun rose slowly, stretching its golden fingers across the sleepy valley, nudging the world awake with its warm embrace.",Personification
"The ship moved across the ocean like a leaf caught in the wind, tossed and turned by waves that seemed to have a mind of their own.",Simile
"His voice was a river, steady and deep, carrying with it the weight of years and the wisdom of countless experiences.",Metaphor
"The trees whispered secrets to the passing breeze, their leaves quivering with excitement as though they shared a language only nature could understand.",Personification
"The night sky was like a velvet canvas, painted with streaks of silver light and speckled with stars that winked mischievously at the world below.",Simile
"Her anger was a wildfire, consuming everything in its path, leaving only ashes and scars in the hearts of those it touched.",Metaphor
"The moon peeked through the clouds, casting a silvery glow that danced on the surface of the lake like a shy performer in the spotlight.",Personification
"His ideas tumbled from his mind like a waterfall, each thought cascading over the next in a rush of inspiration and creativity.",Simile
"The clock on the wall seemed to scowl, its hands crawling grudgingly forward as if resenting the inevitability of time.",Personification
"The river was a serpent, winding its way through the valley, its shimmering scales reflecting the sunlight with a hypnotic beauty.",Metaphor
"The stars twinkled like distant lanterns, tiny beacons of hope scattered across the vast expanse of the universe.",Simile
"The autumn wind howled through the trees, its mournful cry a dirge for the leaves it tore away and sent spiraling into oblivion.",Personification
"Her memories were a garden, overgrown with weeds of sorrow but still blooming with occasional flowers of joy that refused to be overshadowed.",Metaphor
"The mountain's shadow stretched across the valley like a protective cloak, sheltering the world below from the harsh glare of the setting sun.",Simile
"The pages of the ancient book crinkled as if sighing with relief, glad to have their stories brought to life once more.",Personification
"His determination was a lighthouse, guiding him through the storm of challenges that threatened to engulf him.",Metaphor
"The fire crackled like laughter, its flames leaping and twirling as though delighted by the stories it consumed.",Simile
"The old house groaned in the wind, its wooden beams protesting the years of wear and weather that had shaped its very soul.",Personification
"The battlefield was a canvas, and every soldier was a brushstroke in a painting of chaos and sacrifice.",Metaphor
"Her words hit him like the sharp sting of winter's first frost, cold and cutting, leaving him breathless and reeling.",Simile
"The sunflowers turned their heads toward the light, stretching eagerly as though they were hungry for the sun's golden embrace.",Personification
"His ambition was a fire, burning fiercely within him, lighting his path but threatening to consume everything if left unchecked.",Metaphor
"The snow fell like feathers from a torn pillow, blanketing the world in a soft, unbroken silence that felt almost sacred.",Simile
"The waves reached for the shore, their foamy fingers grasping at the sand as if longing to hold onto something solid.",Personification
"Her imagination was a universe, vast and uncharted, filled with stars of possibility and galaxies of dreams waiting to be explored.",Metaphor
"The lantern's glow was as warm and inviting as a hearth on a winter's night, offering a beacon of hope against the darkness.",Simile
"The mountains stood like ancient guardians, their peaks piercing the clouds and their silence commanding respect from all who gazed upon them.",Metaphor
"The piano keys sighed under his fingers, their melody weaving a tale of love, loss, and longing that echoed in the empty room.",Personification
"The horizon shimmered like molten gold, the setting sun casting its final rays of the day in a breathtaking farewell.",Simile
"Her faith was an unshakable rock, standing firm even as the storms of doubt and fear battered against it with relentless force.",Metaphor
"The willow tree wept in the breeze, its branches drooping as though mourning the passing of the seasons.",Personification
"The clouds gathered like an army, dark and foreboding, ready to unleash their wrath upon the unsuspecting world below.",Simile
"The forest was a cathedral, its towering trees forming arches that reached toward the heavens and its silence a hymn of reverence.",Metaphor
"The stars whispered to each other across the vastness of the night sky, their light carrying messages from one end of the universe to the other.",Personification
"His joy spread through the room like the glow of a rising sun, illuminating every corner and warming every heart it touched.",Simile